Name,Team,Age,Height,Home Country
Achiuwa Precious,New York Knicks,25,2m06,Nigeria
Adams Steven,Houston Rockets,31,2m15,New Zealand
Adebayo Bam,Miami Heat,27,2m09,United States
Agbaji Ochai,Toronto Raptors,24,1m96,United States
Akinjo James,Milwaukee Bucks,24,1m84,United States
Aldama Santiago,Memphis Grizzlies,24,2m11,Spain
Alexander Trey,Denver Nuggets,21,1m95,United States
Alexander-Walker Nickeil,Minnesota Timberwolves,26,1m97,Canada
Allen Jarrett,Cleveland Cavaliers,26,2m09,United States
Allen Grayson,Phoenix Suns,29,1m93,United States
Alvarado Jose,New Orleans Pelicans,26,1m83,"United States, Puerto Rico"
Anderson Kyle,Golden State Warriors,31,2m02,United States
Antetokounmpo Giannis,Milwaukee Bucks,30,2m11,Greece
Anthony Cole,Orlando Magic,24,1m91,United States
Anunoby Ogugua,New York Knicks,27,2m04,United States
Avdija Deni,Portland Trail Blazers,24,2m05,Israel
Ayton Deandre,Portland Trail Blazers,26,2m09,Bahamas
Bacot Armando,Memphis Grizzlies,24,2m08,United States
Bagley Marvin,Washington Wizards,25,2m11,United States
Bailey Amari,Brooklyn Nets,21,1m96,United States
Baldwin Jr. Patrick,Washington Wizards,22,2m08,United States
Ball LaMelo,Charlotte Hornets,23,2m00,United States
Ball Lonzo,Chicago Bulls,27,1m99,United States
Bamba Mohamed,Los Angeles Clippers,26,2m12,United States
Banchero Paolo,Orlando Magic,22,2m08,"United States, Italy"
Bane Desmond,Memphis Grizzlies,26,1m96,United States
Banton Dalano,Portland Trail Blazers,25,2m06,Canada
Barlow Dominick,Atlanta Hawks,21,2m05,United States
Barnes Scottie,Toronto Raptors,23,2m06,United States
Barnes Harrison,San Antonio Spurs,32,2m05,United States
Barrett R.J.,Toronto Raptors,24,2m02,Canada
Bassey Charles,San Antonio Spurs,24,2m11,Nigeria
Bates Emoni,Cleveland Cavaliers,21,2m06,United States
Bates-Diop Keita,Minnesota Timberwolves,29,2m03,United States
Battle Jamison,Toronto Raptors,23,2m00,United States
Batum Nicolas,Los Angeles Clippers,36,2m03,France
Baugh Damion,Charlotte Hornets,24,1m90,United States
Beal Bradley,Phoenix Suns,31,1m93,United States
Beasley Malik,Detroit Pistons,28,1m96,United States
Beauchamp MarJon,Milwaukee Bucks,24,1m98,United States
Bediako Charles,Denver Nuggets,22,2m11,Canada
Beekman Reece,Golden State Warriors,23,1m90,United States
Bernard Jules,Cleveland Cavaliers,25,1m97,
Bitadze Goga,Orlando Magic,25,2m12,Georgia
Bitim Onuralp,Chicago Bulls,25,1m96,Turkey
Biyombo Bismack,San Antonio Spurs,32,2m04,Democratic Republic of the Congo
Black Anthony,Orlando Magic,21,2m01,United States
Bogdanovic Bogdan,Atlanta Hawks,32,1m97,Serbia-Montenegro
Bol Bol,Phoenix Suns,25,2m18,United States
Bona Adem,Philadelphia 76ers,21,2m07,Turkey
Booker Devin,Phoenix Suns,28,1m98,United States
Boston B.J.,San Antonio Spurs,23,1m98,United States
Boucher Chris,Toronto Raptors,32,2m08,Canada
Branham Malaki,San Antonio Spurs,21,1m96,United States
Braun Christian,Denver Nuggets,23,1m98,United States
Bridges Miles,Charlotte Hornets,26,2m01,United States
Bridges Mikal,New York Knicks,28,2m01,United States
Bridges Jalen,Phoenix Suns,23,2m00,United States
Brogdon Malcolm,Washington Wizards,32,1m97,United States
Brooks Dillon,Houston Rockets,29,1m96,Canada
Brooks Keion,New Orleans Pelicans,24,2m00,United States
Brown Kobe,Los Angeles Clippers,,2m00,United States
Brown Charles,Charlotte Hornets,28,1m98,United States
Brown Jaylen,Boston Celtics,28,2m00,United States
Brown Bruce,Toronto Raptors,28,1m97,United States
Brown Kendall,Indiana Pacers,21,2m02,United States
Brown Moses,Indiana Pacers,25,2m18,United States
Brunson Jalen,New York Knicks,28,1m87,United States
Bryant Thomas,Miami Heat,27,2m08,United States
Bufkin Kobe,Atlanta Hawks,21,1m94,United States
Burks Alec,Miami Heat,33,1m98,United States
Butler Jimmy,Miami Heat,35,2m00,United States
Butler Jared,Washington Wizards,24,1m91,United States
Buzelis Matas,Chicago Bulls,20,2m08,United States
Cain Jamal,New Orleans Pelicans,25,2m01,United States
Caldwell-Pope Kentavious,Orlando Magic,32,1m95,United States
Camara Toumani,Portland Trail Blazers,24,1m94,Belgium
Cancar Vlatko,Denver Nuggets,27,2m03,Slovenia
Capela Clint,Atlanta Hawks,30,2m03,Switzerland
Carlson Branden,Toronto Raptors,25,2m12,
Carrington Carlton,Washington Wizards,20,1m96,United States
Carter Wendell,Orlando Magic,25,2m09,United States
Carter Jevon,Chicago Bulls,29,1m88,United States
Carter Devin,Sacramento Kings,22,1m90,United States
Carton D.J.,Toronto Raptors,24,1m87,United States
Caruso Alex,Oklahoma City Thunder,31,1m95,United States
Castle Stephon,San Antonio Spurs,20,1m98,United States
Castleton Colin,Los Angeles Lakers,24,2m11,United States
Champagnie Julian,San Antonio Spurs,23,2m00,United States
Champagnie Justin,Washington Wizards,23,1m97,United States
Chomche Ulrich,Toronto Raptors,19,2m11,
Christie Max,Los Angeles Lakers,22,1m93,United States
Christie Cam,Los Angeles Clippers,20,1m98,United States
Christopher Josh,Miami Heat,23,1m96,United States
Cissoko Sidy,San Antonio Spurs,20,1m98,France
Clark Jaylen,Minnesota Timberwolves,23,1m95,United States
Clarke Brandon,Memphis Grizzlies,28,2m03,Canada
Clarkson Jordan,Utah Jazz,32,1m98,United States
Claxton Nic,Brooklyn Nets,25,2m11,
Clingan Donovan,Portland Trail Blazers,22,2m17,United States
Clowney Noah,Brooklyn Nets,22,2m07,United States
Coffey Amir,Los Angeles Clippers,27,2m03,United States
Collier Isaiah,Utah Jazz,20,1m92,United States
Collins John,Utah Jazz,27,2m09,United States
Collins Yuri,Golden State Warriors,23,1m82,United States
Collins Zach,San Antonio Spurs,27,2m13,United States
Conley Mike,Minnesota Timberwolves,37,1m85,United States
Connaughton Pat,Milwaukee Bucks,32,1m96,United States
Coulibaly Bilal,Washington Wizards,20,1m99,France
Council IV Ricky,Philadelphia 76ers,23,1m97,United States
Craig Torrey,Chicago Bulls,34,1m98,United States
Crawford Isaiah,Sacramento Kings,23,1m97,United States
Crowder Jae,Sacramento Kings,34,2m00,United States
Crutcher Jalen,New Orleans Pelicans,25,1m88,United States
Cui Yongxi,Brooklyn Nets,21,2m01,China
Culver Jarrett,Orlando Magic,26,1m96,United States
Cunningham Cade,Detroit Pistons,23,2m03,United States
Curry Seth,Charlotte Hornets,34,1m87,United States
Curry Stephen,Golden State Warriors,36,1m90,United States
Da Silva Tristan,Orlando Magic,23,2m02,Germany
Dadiet Pacome,New York Knicks,19,2m00,France
Daniels Dyson,Atlanta Hawks,21,1m97,Australia
Daniels Caleb,Miami Heat,25,1m92,United States
Dante N'Faly,Houston Rockets,23,2m13,Mali
Darling Nate,Los Angeles Clippers,26,1m98,Canada
Davis Anthony,Los Angeles Lakers,31,2m09,United States
Davis Johnny,Washington Wizards,23,1m92,United States
Davison JD,Boston Celtics,22,1m92,United States
Dennis Ray,Los Angeles Clippers,,1m87,United States
Derozan DeMar,Sacramento Kings,35,2m00,United States
Diabate Moussa,Charlotte Hornets,23,2m08,France
Diakite Mamadi,Phoenix Suns,28,2m06,"Guiana, United States"
Dick Gradey,Toronto Raptors,21,2m02,United States
Dieng Ousmane,Oklahoma City Thunder,21,2m05,France
Dillingham Rob,Minnesota Timberwolves,20,1m91,United States
Dinwiddie Spencer,Dallas Mavericks,31,1m98,United States
DiVincenzo Donte,Minnesota Timberwolves,28,1m93,United States
Doncic Luka,Dallas Mavericks,26,2m01,Slovenia
Dort Luguentz,Oklahoma City Thunder,25,1m94,Canada
Dosunmu Ayo,Chicago Bulls,25,1m96,United States
Dowtin Jeff,Philadelphia 76ers,27,1m91,United States
Dozier P.J.,Minnesota Timberwolves,28,1m99,United States
Drummond Andre,Philadelphia 76ers,31,2m09,United States
Duarte Chris,Chicago Bulls,27,1m98,Dominican Republic
Ducas Alex,Oklahoma City Thunder,24,1m99,Australia
Duke David,San Antonio Spurs,25,1m95,United States
Dunn Ryan,Phoenix Suns,22,2m00,United States
Dunn Kris,Los Angeles Clippers,30,1m91,United States
Durant Kevin,Phoenix Suns,36,2m08,United States
Duren Jalen,Detroit Pistons,21,2m11,United States
Eason Tari,Houston Rockets,23,2m01,United States
Edey Zach,Memphis Grizzlies,22,2m20,Canada
Edwards Justin,Philadelphia 76ers,,2m03,United States
Edwards Kessler,Dallas Mavericks,24,2m03,United States
Edwards Jesse,Minnesota Timberwolves,24,2m11,Netherlands
Edwards Anthony,Minnesota Timberwolves,23,1m95,United States
Ellis Keon,Sacramento Kings,25,1m97,United States
Ellis Boogie,Sacramento Kings,24,1m90,United States
Embiid Joel,Philadelphia 76ers,30,2m13,Cameroon
Estrada Aaron,Detroit Pistons,24,1m92,United States
Eubanks Drew,Utah Jazz,28,2m09,United States
Evbuomwan Tosan,Detroit Pistons,24,2m01,United-Kingdom
Exum Dante,Dallas Mavericks,29,1m93,Australia
Fernando Bruno,Toronto Raptors,26,2m06,United States
Fiedler Max,Philadelphia 76ers,,2m07,United States
Filipowski Kyle,Utah Jazz,21,2m11,United States
Finney-Smith Dorian,Brooklyn Nets,31,2m03,United States
Flagler Adam,Oklahoma City Thunder,,1m91,United States
Flowers Trentyn,Los Angeles Clippers,19,-,
Flynn Malachi,San Antonio Spurs,26,1m84,United States
Fontecchio Simone,Detroit Pistons,29,2m03,Italy
Fox De'Aaron,Sacramento Kings,27,1m91,United States
Freeman Enrique,Indiana Pacers,24,2m00,United States
Fultz Markelle,Sacramento Kings,26,1m93,United States
Funk Taylor,Washington Wizards,27,2m03,United States
Funk Andrew,Denver Nuggets,25,1m95,United States
Furphy Johnny,Indiana Pacers,20,2m06,Australia
Gafford Daniel,Dallas Mavericks,26,2m11,United States
Garland Darius,Cleveland Cavaliers,25,1m88,United States
Garza Luka,Minnesota Timberwolves,26,2m11,United States
George Kyshawn,Washington Wizards,21,2m03,Switzerland
George Paul,Philadelphia 76ers,34,2m03,United States
George Keyonte,Utah Jazz,21,1m93,United States
Gibson Taj,Charlotte Hornets,39,2m05,United States
Giddey Josh,Chicago Bulls,22,2m03,Australia
Giles Harry,Charlotte Hornets,26,2m08,United States
Gilgeous-Alexander Shai,Oklahoma City Thunder,26,1m98,Canada
Gill Anthony,Washington Wizards,32,2m04,United States
Gillespie Collin,Phoenix Suns,25,1m90,United States
Gilyard Jacob,Cleveland Cavaliers,26,1m74,United States
Gobert Rudy,Minnesota Timberwolves,32,2m15,France
Goodwin Jordan,Los Angeles Lakers,26,1m91,United States
Gordon Aaron,Denver Nuggets,29,2m05,United States
Gordon Eric,Philadelphia 76ers,36,1m92,United States
Gortman Jazian,Dallas Mavericks,,1m86,
Graham Devonte,Portland Trail Blazers,30,1m88,United States
Grant Jerami,Portland Trail Blazers,30,2m03,
Green Josh,Charlotte Hornets,24,1m98,Australia
Green Draymond,Golden State Warriors,34,2m00,United States
Green Jalen,Houston Rockets,23,1m98,United States
Green Jeff,Houston Rockets,38,2m03,United States
Green Javonte,New Orleans Pelicans,31,1m93,United States
Green A.J.,Milwaukee Bucks,25,1m92,United States
Grimes Quentin,Dallas Mavericks,24,1m97,United States
Gueye Mouhamed,Atlanta Hawks,22,2m10,Senegal
Hachimura Rui,Los Angeles Lakers,27,2m03,Japan
Haliburton Tyrese,Indiana Pacers,25,1m97,United States
Hall P.J.,Denver Nuggets,23,2m07,United States
Hardaway Jr. Tim,Detroit Pistons,32,1m98,United States
Harden James,Los Angeles Clippers,35,1m96,United States
Hardy Jaden,Dallas Mavericks,22,1m93,United States
Harkless Elijah,Los Angeles Clippers,25,1m90,United States
Harper Jr. Ron,Boston Celtics,24,1m97,United States
Harris Tobias,Detroit Pistons,32,2m05,United States
Harris Kevon,Atlanta Hawks,27,1m98,United States
Harris Gary,Orlando Magic,30,1m93,United States
Hart Josh,New York Knicks,29,1m96,United States
Hartenstein Isaiah,Oklahoma City Thunder,26,2m13,Germany
Hauser Sam,Boston Celtics,27,2m01,United States
Hawkins Jordan,New Orleans Pelicans,22,-,United States
Hayes Jaxson,Los Angeles Lakers,24,2m13,United States
Hayes Killian,Brooklyn Nets,23,1m92,France
Henderson Scoot,Portland Trail Blazers,21,1m93,United States
Hendricks Taylor,Utah Jazz,22,2m05,United States
Herro Tyler,Miami Heat,25,1m96,United States
Hield Buddy,Golden State Warriors,32,1m93,Bahamas
Highsmith Haywood,Miami Heat,28,1m96,United States
Hill Malcolm,New Orleans Pelicans,29,1m98,United States
Hinson Blake,Golden State Warriors,25,2m04,United States
Hinton Nate,Houston Rockets,25,1m96,United States
Holiday Aaron,Houston Rockets,28,1m85,United States
Holiday Jrue,Boston Celtics,34,1m90,United States
Holland Ronald,Detroit Pistons,19,2m07,United States
Holmes Richaun,Washington Wizards,31,2m06,United States
Holmgren Chet,Oklahoma City Thunder,22,2m15,United States
Hood Jalen,Los Angeles Lakers,21,1m97,United States
Horford Al,Boston Celtics,38,2m03,Dominican Republic
Horton-Tucker Talen,Chicago Bulls,24,1m93,United States
Houstan Caleb,Orlando Magic,22,2m05,Canada
Howard Jett,Orlando Magic,21,2m00,United States
Huerter Kevin,Sacramento Kings,26,2m01,United States
Huff Jay,Memphis Grizzlies,27,2m16,United States
Hukporti Ariel,New York Knicks,22,2m13,Germany
Hunter De'Andre,Atlanta Hawks,27,2m01,United States
Hyland Bones,Los Angeles Clippers,24,1m91,United States
Ighodaro Oso,Phoenix Suns,22,2m05,United States
Ingles Joe,Minnesota Timberwolves,37,2m04,Australia
Ingram Harrison,San Antonio Spurs,22,2m04,United States
Ingram Brandon,New Orleans Pelicans,27,2m03,United States
Irving Kyrie,Dallas Mavericks,32,1m94,United States
Isaac Jonathan,Orlando Magic,27,2m06,United States
Ivey Jaden,Detroit Pistons,23,1m92,United States
Jackson Gregory,Memphis Grizzlies,20,2m03,United States
Jackson Reggie,Philadelphia 76ers,34,1m91,United States
Jackson Quenton,Indiana Pacers,,1m95,United States
Jackson Isaiah,Indiana Pacers,23,2m08,United States
Jackson Jr. Andre,Milwaukee Bucks,23,1m97,United States
Jackson Jr. Jaren,Memphis Grizzlies,25,2m09,United States
Jackson-Davis Trayce,Golden State Warriors,25,2m05,United States
James LeBron,Los Angeles Lakers,40,2m03,United States
James Bronny,Los Angeles Lakers,20,1m89,United States
Jaquez Jaime,Miami Heat,24,1m97,United States
Jeffries Daquan,Charlotte Hornets,27,1m95,United States
Jemison Trey,New Orleans Pelicans,25,2m12,United States
Jenkins Daniss,Detroit Pistons,23,1m90,United States
Jerome Ty,Cleveland Cavaliers,27,1m97,United States
Joe Isaiah,Oklahoma City Thunder,25,1m95,United States
Johnson Jalen T.,Atlanta Hawks,23,2m06,United States
Johnson Keshad,Miami Heat,,2m00,United States
Johnson Keyontae,Charlotte Hornets,25,1m96,United States
Johnson Cameron,Brooklyn Nets,28,2m03,United States
Johnson Keon,Brooklyn Nets,22,1m96,United States
Johnson James,Indiana Pacers,38,2m03,United States
Johnson AJ,Milwaukee Bucks,20,1m96,United States
Johnson Keldon,San Antonio Spurs,25,1m98,United States
Jokic Nikola,Denver Nuggets,30,2m09,Serbia
Jones Dillon,Oklahoma City Thunder,23,1m97,United States
Jones Spencer,Denver Nuggets,23,2m00,
Jones Tyus,Phoenix Suns,28,1m88,United States
Jones Derrick,Los Angeles Clippers,28,2m00,United States
Jones Kai,Los Angeles Clippers,24,2m11,Bahamas
Jones Mason,Sacramento Kings,26,1m95,United States
Jones Colby,Sacramento Kings,22,1m95,United States
Jones Isaac,Sacramento Kings,,2m06,United States
Jones Herbert,New Orleans Pelicans,41,2m01,United States
Jones Tre,San Antonio Spurs,25,1m91,United States
Jordan DeAndre,Denver Nuggets,36,2m13,United States
Joseph Cory,Orlando Magic,33,1m92,Canada
Jovic Nikola,Miami Heat,21,2m08,Serbia
Juzang Johnny,Utah Jazz,23,1m97,United States
Kaminsky Frank,Phoenix Suns,31,2m11,United States
Kawamura Yuki,Memphis Grizzlies,23,1m72,Japan
Kelley Kylor,Los Angeles Lakers,27,2m13,
Kennard Luke,Memphis Grizzlies,28,1m96,United States
Kessler Walker,Utah Jazz,23,2m13,United States
Key Braxton,Los Angeles Clippers,28,2m02,United States
Kispert Corey,Washington Wizards,25,2m01,United States
Kleber Maximilian,Dallas Mavericks,33,2m08,Germany
Klintman Bobi,Detroit Pistons,21,2m00,Sweden
Knecht Dalton,Los Angeles Lakers,,1m98,United States
Knox Kevin,Golden State Warriors,25,2m00,United States
Kolek Tyler,New York Knicks,23,1m90,United States
Koloko Christian,Los Angeles Lakers,24,2m12,Cameroon
Konchar John,Memphis Grizzlies,28,1m96,United States
Kopp Miller,Oklahoma City Thunder,26,2m00,United States
Kornet Luke,Boston Celtics,29,2m18,United States
Krejci Vit,Atlanta Hawks,24,2m03,Czech Republic
Kuminga Jonathan,Golden State Warriors,22,2m03,Democratic Republic of the Congo
Kuzma Kyle,Washington Wizards,29,2m06,United States
Labissiere Skal,Sacramento Kings,28,2m11,Haiti
Landale Jock,Houston Rockets,29,2m13,Australia
LaRavia Jake,Memphis Grizzlies,23,2m01,United States
Larsson Pelle,Miami Heat,24,1m94,Sweden
LaVine Zach,Chicago Bulls,29,1m96,United States
Lawson A.J.,Dallas Mavericks,24,2m00,Canada
Lee Damion,Phoenix Suns,32,1m98,United States
Len Alex,Sacramento Kings,31,2m15,Ukraine
Leonard Kawhi,Los Angeles Clippers,33,2m03,United States
Leons Malevy,Oklahoma City Thunder,25,2m05,Netherlands
LeVert Caris,Cleveland Cavaliers,30,1m98,United States
Lewis Maxwell,Los Angeles Lakers,22,2m00,United States
Lewis Kira,Washington Wizards,23,1m90,United States
Liddell E.J.,Chicago Bulls,24,2m00,United States
Lillard Damian,Milwaukee Bucks,34,1m91,United States
Little Nassir,Miami Heat,25,1m99,United States
Lively Dereck,Dallas Mavericks,21,2m16,United States
Livingston Chris,Milwaukee Bucks,21,1m97,United States
Lofton Kenny,Chicago Bulls,22,2m00,United States
Looney Kevon,Golden State Warriors,29,2m06,United States
Lopez Brook,Milwaukee Bucks,36,2m13,United States
Love Kevin,Miami Heat,36,2m08,United States
Lowry Kyle,Philadelphia 76ers,38,1m85,United States
Lundy Seth,Atlanta Hawks,24,1m97,United States
Lyles Trey,Sacramento Kings,29,2m09,Canada
Mamukelashvili Sandro,San Antonio Spurs,25,2m11,"Georgia, United States"
Mann Terance,Los Angeles Clippers,28,1m98,United States
Mann Tre,Charlotte Hornets,24,1m96,United States
Markkanen Lauri,Utah Jazz,27,2m13,Finland
Marshall Naji,Dallas Mavericks,27,2m01,United States
Martin Cody,Charlotte Hornets,29,1m96,United States
Martin Jaylen,Brooklyn Nets,,1m98,
Martin Tyrese,Brooklyn Nets,25,1m97,United States
Martin Caleb,Philadelphia 76ers,29,1m96,United States
Martin Kenyon,Philadelphia 76ers,24,1m98,United States
Mathews Garrison,Atlanta Hawks,28,1m95,United States
Mathurin Bennedict,Indiana Pacers,22,2m01,Canada
Matkovic Karlo,New Orleans Pelicans,23,2m07,Bosnia and Herzegovina
Maxey Tyrese,Philadelphia 76ers,24,1m91,United States
McBride Miles,New York Knicks,24,1m88,United States
McCain Jared,Philadelphia 76ers,21,1m91,United States
McClung Mac,Orlando Magic,26,1m91,United States
McCollum C.J.,New Orleans Pelicans,33,1m92,United States
McConnell T.J.,Indiana Pacers,32,1m86,United States
McCoy Javante,Detroit Pistons,27,1m95,United States
McDaniels Jalen,Sacramento Kings,27,2m08,United States
McDaniels Jaden,Minnesota Timberwolves,24,2m05,United States
McDermott Doug,Sacramento Kings,33,2m01,United States
McGlothan Gabe,Denver Nuggets,,2m01,United States
McGowens Bryce,Portland Trail Blazers,22,2m00,United States
McLaughlin Jordan,Sacramento Kings,28,1m85,United States
McVeigh Jack,Houston Rockets,28,2m00,Australia
Melton De'Anthony,Golden State Warriors,26,1m94,United States
Mensah Nathan,San Antonio Spurs,26,2m07,Ghana
Merrill Sam,Cleveland Cavaliers,28,1m95,United States
Micic Vasilije,Charlotte Hornets,31,1m96,Serbia
Middleton Khris,Milwaukee Bucks,33,2m02,United States
Miller Jordan,Los Angeles Clippers,25,1m97,United States
Miller Emanuel,Dallas Mavericks,24,2m00,Canada
Miller Brandon,Charlotte Hornets,22,2m05,United States
Miller Leonard,Minnesota Timberwolves,22,2m06,Canada
Mills Patty,Utah Jazz,36,1m80,Australia
Milton Shake,Brooklyn Nets,28,1m98,United States
Minaya Justin,Portland Trail Blazers,25,1m93,Dominican Republic
Minix Riley,San Antonio Spurs,25,2m00,United States
Minott Josh,Minnesota Timberwolves,22,2m03,"United States, Jamaica"
Mintz Judah,Philadelphia 76ers,21,1m90,United States
Missi Yves,New Orleans Pelicans,20,2m12,Cameroon
Mitchell Trhae,New Orleans Pelicans,27,1m97,United States
Mitchell Davion,Toronto Raptors,26,1m88,United States
Mitchell Donovan,Cleveland Cavaliers,28,1m91,United States
Mitchell Ajay,Oklahoma City Thunder,22,1m92,Belgium
Mobley Isaiah,Philadelphia 76ers,25,2m07,United States
Mobley Evan,Cleveland Cavaliers,23,2m13,United States
Mogbo Jonathan,Toronto Raptors,23,2m02,United States
Monk Malik,Sacramento Kings,27,1m91,United States
Moody Moses,Golden State Warriors,22,1m98,United States
Moore Wendell,Detroit Pistons,23,1m97,United States
Moore Taze,Portland Trail Blazers,26,1m95,United States
Morales Alex,Orlando Magic,27,1m97,United States
Morant Ja,Memphis Grizzlies,25,1m91,United States
Morris Monte,Phoenix Suns,29,1m89,United States
Morris Markieff,Dallas Mavericks,35,2m08,United States
Murphy III Trey,New Orleans Pelicans,24,2m06,United States
Murray Keegan,Sacramento Kings,24,2m02,United States
Murray Dejounte,New Orleans Pelicans,28,1m96,United States
Murray Jamal,Denver Nuggets,28,1m94,Canada
Murray Kris,Portland Trail Blazers,24,2m02,United States
Mykhailiuk Sviatoslav,Utah Jazz,27,1m96,Russia
Nance Larry,Atlanta Hawks,32,2m03,United States
Nance Pete,Cleveland Cavaliers,25,2m07,United States
Nembhard Andrew,Indiana Pacers,25,1m96,Canada
Nesmith Aaron,Indiana Pacers,25,1m97,United States
Newton Tristen,Indiana Pacers,,1m95,United States
Niang Georges,Cleveland Cavaliers,31,2m01,United States
Nix Daishen,Minnesota Timberwolves,23,1m94,United States
Nnaji Zeke,Denver Nuggets,24,2m10,United States
Norris Miles,Memphis Grizzlies,24,2m08,United States
Nowell Markquis,Houston Rockets,25,1m72,United States
Nowell Jaylen,Washington Wizards,25,1m93,United States
Nurkic Jusuf,Phoenix Suns,30,2m12,Bosnia and Herzegovina
O'Neale Royce,Phoenix Suns,31,1m98,United States
Oduro Josh,New Orleans Pelicans,24,2m05,United States
Okafor Jahlil,Indiana Pacers,29,2m11,United States
Okeke Chuma,New York Knicks,26,2m03,United States
Okogie Josh,Phoenix Suns,26,1m94,United States
Okongwu Onyeka,Atlanta Hawks,24,2m05,"United States, Nigeria"
Okoro Isaac,Cleveland Cavaliers,24,1m99,United States
Olivari Quincy,Los Angeles Lakers,,1m87,United States
Olynyk Kelly,Toronto Raptors,33,2m13,United States
Omoruyi Eugene,Minnesota Timberwolves,28,2m00,"Canada, Nigeria"
Oni Miye,Memphis Grizzlies,27,1m98,United States
Oubre Kelly,Philadelphia 76ers,29,2m01,United States
Pasecniks Andzejs,Milwaukee Bucks,29,2m16,Latvia
Paul Chris,San Antonio Spurs,39,1m81,United States
Payne Cameron,New York Knicks,30,1m88,United States
Payton Elfrid,New Orleans Pelicans,31,1m91,United States
Payton II Gary,Golden State Warriors,32,1m90,United States
Pereira Joao,Memphis Grizzlies,24,2m03,Brazil
Peterson Drew,Boston Celtics,25,2m02,United States
Phillips Julian,Chicago Bulls,21,2m02,United States
Pickett Jalen,Denver Nuggets,25,1m92,United States
Pippen Jr. Scotty,Memphis Grizzlies,24,1m84,United States
Plowden Daeqwon,Atlanta Hawks,,1m97,United States
Plumlee Mason,Phoenix Suns,34,2m10,United States
Podziemski Brandin,Golden State Warriors,22,1m95,United States
Poeltl Jakob,Toronto Raptors,29,2m13,Austria
Poole Jordan,Washington Wizards,25,1m92,United States
Porter Michael,Denver Nuggets,26,2m08,United States
Porter Craig,Cleveland Cavaliers,25,1m87,United States
Porter Kevin,Los Angeles Clippers,24,1m93,United States
Portis Bobby,Milwaukee Bucks,30,2m05,United States
Porzingis Kristaps,Boston Celtics,29,2m18,Latvia
Post Quinten,Golden State Warriors,24,2m14,Netherlands
Potter Micah,Utah Jazz,26,2m07,United States
Powell Norman,Los Angeles Clippers,31,1m92,United States
Powell Dwight,Dallas Mavericks,33,2m09,United States
Preston Jason,Utah Jazz,25,1m93,United States
Prince Taurean,Milwaukee Bucks,30,2m01,United States
Pritchard Payton,Boston Celtics,27,1m85,United States
Prosper Olivier-Maxence,Dallas Mavericks,22,2m03,Canada
Pullin Zyon,Miami Heat,,1m92,United States
Queen Trevelin,Orlando Magic,28,1m98,United States
Queta Neemias,Boston Celtics,25,2m13,Portugal
Quickley Immanuel,Toronto Raptors,25,1m94,United States
Quinones Lester,Philadelphia 76ers,24,1m95,United States
Ramsey Jahmi'us,Toronto Raptors,23,1m92,United States
Randle Julius,Minnesota Timberwolves,30,2m04,United States
Reath Duop,Portland Trail Blazers,28,2m11,Sudan
Reaves Austin,Los Angeles Lakers,26,1m96,United States
Reddish Cameron,Los Angeles Lakers,25,2m03,United States
Reed Paul,Detroit Pistons,25,2m05,United States
Reese Alex,Oklahoma City Thunder,25,2m08,United States
Reeves Antonio,New Orleans Pelicans,22,1m92,United States
Reid Naz,Minnesota Timberwolves,25,2m08,United States
Rhoden Jared,Toronto Raptors,25,1m98,United States
Richards Nick,Charlotte Hornets,27,2m12,Jamaica
Richardson Josh,Miami Heat,31,1m98,United States
Richardson Will,Denver Nuggets,25,1m97,United States
Risacher Zaccharie,Atlanta Hawks,19,2m07,France
Robbins Liam,Milwaukee Bucks,25,2m12,United States
Robinson Mitchell,New York Knicks,26,2m16,United States
Robinson Orlando,Sacramento Kings,24,2m13,United States
Robinson Duncan,Miami Heat,30,2m03,United States
Robinson-Earl Jeremiah,New Orleans Pelicans,24,2m06,United States
Roddy David,Atlanta Hawks,23,1m95,United States
Rollins Ryan,Milwaukee Bucks,22,1m92,United States
Rowe Jackson,Golden State Warriors,28,2m01,Canada
Rozier Terry,Miami Heat,30,1m85,United States
Rupert Rayan,Portland Trail Blazers,20,1m99,France
Russell D'Angelo,Los Angeles Lakers,29,1m96,United States
Ryan Matt,New Orleans Pelicans,27,2m03,United States
Ryan Cormac,Oklahoma City Thunder,26,1m95,United States
Sabonis Domantas,Sacramento Kings,28,2m08,Lithuania
Salaun Tidjane,Charlotte Hornets,19,2m03,France
Samuels Jermaine,Houston Rockets,26,1m97,United States
Sanogo Adama,Chicago Bulls,23,2m00,Mali
Santos Gui,Golden State Warriors,22,2m02,Brazil
Saric Dario,Denver Nuggets,30,2m07,Croatia
Sarr Alexandre,Washington Wizards,19,2m13,France
Sasser Marcus,Detroit Pistons,24,1m84,United States
Scheierman Baylor,Boston Celtics,24,1m97,United States
Schroder Dennis,Brooklyn Nets,31,1m81,Germany
Seabron Dereon,Detroit Pistons,24,2m00,United States
Sengun Alperen,Houston Rockets,22,2m08,Turkey
Sensabaugh Brice,Utah Jazz,21,1m97,United States
Sexton Collin,Utah Jazz,26,1m90,United States
Shamet Landry,New York Knicks,27,1m93,United States
Shannon Terrence,Minnesota Timberwolves,24,1m97,United States
Sharp Jamarion,Dallas Mavericks,23,2m26,United States
Sharpe Shaedon,Portland Trail Blazers,21,1m98,Canada
Sharpe Day'Ron,Brooklyn Nets,23,2m11,United States
Shead Jamal,Toronto Raptors,22,1m84,United States
Sheppard Ben,Indiana Pacers,23,1m97,United States
Sheppard Reed,Houston Rockets,20,1m91,United States
Siakam Pascal,Indiana Pacers,30,2m06,Cameroon
Simmons Ben,Brooklyn Nets,28,2m08,Australia
Simons Anfernee,Portland Trail Blazers,25,1m93,United States
Simpson K.J.,Charlotte Hornets,22,1m88,United States
Sims Jericho,New York Knicks,26,2m06,United States
Skapintsev Dmytro,Boston Celtics,26,2m06,Ukraine
Slawson Jalen,Orlando Magic,25,2m00,United States
Smart Javonte,Orlando Magic,25,1m93,United States
Smart Marcus,Memphis Grizzlies,30,1m92,United States
Smith Tolu,Detroit Pistons,24,2m08,United States
Smith Dru,Miami Heat,27,1m90,United States
Smith Nick,Charlotte Hornets,20,1m95,United States
Smith Zhaire,Cleveland Cavaliers,25,1m93,United States
Smith Jalen,Chicago Bulls,24,2m08,United States
Smith Tyler,Milwaukee Bucks,20,2m10,
Smith Jr. Jabari,Houston Rockets,21,2m09,United States
Sochan Jeremy,San Antonio Spurs,21,2m06,"Poland, United States"
Spencer Pat,Golden State Warriors,28,1m90,United States
Spencer Cam,Memphis Grizzlies,24,1m92,United States
Springer Jaden,Boston Celtics,22,1m93,United States
Stevens Lamar,Detroit Pistons,27,1m98,United States
Stevens Isaiah,Miami Heat,24,1m82,United States
Steward D.J.,Chicago Bulls,23,1m85,United States
Stewart Isaiah,Detroit Pistons,23,2m06,United States
Strawther Julian,Denver Nuggets,22,2m00,Puerto Rico
Strus Max,Cleveland Cavaliers,28,1m97,United States
Suggs Jalen,Orlando Magic,23,1m94,United States
Swider Cole,Indiana Pacers,25,2m02,United States
Tate Jae'Sean,Houston Rockets,29,1m93,United States
Tatum Jayson,Boston Celtics,26,2m05,United States
Taylor Terry,Sacramento Kings,25,1m95,United States
Temple Garrett,Toronto Raptors,38,1m95,United States
Terry Dalen,Chicago Bulls,22,2m00,United States
Theis Daniel,Los Angeles Clippers,32,2m00,Germany
Thomas Brodric,Sacramento Kings,28,1m95,United States
Thomas Cam,Brooklyn Nets,23,1m93,United States
Thompson Tristan,Cleveland Cavaliers,33,2m03,Canada
Thompson Ausar,Detroit Pistons,,2m01,United States
Thompson Ethan,Orlando Magic,25,1m95,
Thompson Klay,Dallas Mavericks,35,2m01,United States
Thompson Amen,Houston Rockets,,2m01,United States
Thor J.T.,Cleveland Cavaliers,22,2m08,United States
Tillman Xavier,Boston Celtics,26,2m02,United States
Tomlin Nae'qwan,Cleveland Cavaliers,24,2m02,United States
Topic Nikola,Oklahoma City Thunder,19,1m95,Serbia
Toppin Jacob,New York Knicks,24,2m00,United States
Toppin Obi,Indiana Pacers,26,2m06,United States
Towns Karl-Anthony,New York Knicks,29,2m11,"Dominican Republic, United States"
Traore Armel,Los Angeles Lakers,22,2m03,France
Travers Luke,Cleveland Cavaliers,23,1m95,Australia
Trent Jr. Gary,Milwaukee Bucks,26,1m95,United States
Tshiebwe Oscar,Utah Jazz,25,2m06,Democratic Republic of the Congo
Tucker P.J.,Los Angeles Clippers,39,1m98,United States
Tucker Jordan,Philadelphia 76ers,26,2m00,United States
Turner Myles,Indiana Pacers,28,2m11,United States
Tyson Jaylon,Cleveland Cavaliers,,2m00,United States
Tyson Hunter,Denver Nuggets,24,2m02,United States
Umude Stanley,Milwaukee Bucks,,1m97,United States
Valanciunas Jonas,Washington Wizards,32,2m10,Lithuania
Van Vleet Fred,Houston Rockets,31,1m77,United States
Vanderbilt Jarred,Los Angeles Lakers,25,2m08,United States
Vassell Devin,San Antonio Spurs,24,1m97,United States
Vincent Gabe,Los Angeles Lakers,28,1m91,United States
Vucevic Nikola,Chicago Bulls,34,2m10,Serbia-Montenegro
Vukcevic Tristan,Washington Wizards,21,2m08,Sweden
Wade Dean,Cleveland Cavaliers,28,2m09,United States
Wagner Franz,Orlando Magic,23,2m05,Germany
Wagner Moritz,Orlando Magic,27,2m11,Germany
Walker Jabari,Portland Trail Blazers,22,2m02,United States
Walker Lonnie,Boston Celtics,26,1m92,United States
Walker Jarace,Indiana Pacers,22,2m01,United States
Wallace Keaton,Atlanta Hawks,26,1m90,United States
Wallace Cason,Oklahoma City Thunder,21,1m92,United States
Walsh Jordan,Boston Celtics,20,2m00,United States
Walter Ja’Kobe,Toronto Raptors,20,1m95,United States
Ware Kel'el,Miami Heat,20,2m14,United States
Warren T.J.,New York Knicks,31,2m03,United States
Washington Warren,Miami Heat,24,2m15,United States
Washington Duane,Charlotte Hornets,24,1m91,United States
Washington TyTy,Phoenix Suns,23,1m91,United States
Washington P.J.,Dallas Mavericks,26,2m03,United States
Waters Lindy,Golden State Warriors,27,1m98,United States
Watford Trendon,Brooklyn Nets,24,2m06,United States
Watson Anton,Boston Celtics,24,2m02,United States
Watson Peyton,Denver Nuggets,22,2m07,United States
Wells Jaylen,Memphis Grizzlies,21,2m03,United States
Wembanyama Victor,San Antonio Spurs,21,2m21,France
Wesley Blake,San Antonio Spurs,21,1m96,United States
Westbrook Russell,Denver Nuggets,36,1m88,United States
White Derrick,Boston Celtics,30,1m93,United States
White Coby,Chicago Bulls,25,1m97,United States
Whitehead Dariq,Brooklyn Nets,20,1m98,United States
Whitmore Cam,Houston Rockets,20,1m98,United States
Wiggins Andrew,Golden State Warriors,30,1m98,Canada
Wiggins Aaron,Oklahoma City Thunder,26,1m93,United States
Williams Alondes,Los Angeles Clippers,25,1m95,United States
Williams Grant,Charlotte Hornets,26,2m01,United States
Williams Mark,Charlotte Hornets,23,2m12,United States
Williams Jaylin,Oklahoma City Thunder,22,2m08,United States
Williams Jalen,Oklahoma City Thunder,23,1m97,United States
Williams Kenrich,Oklahoma City Thunder,30,2m01,United States
Williams Robert,Portland Trail Blazers,27,2m09,United States
Williams Cody,Utah Jazz,20,2m03,United States
Williams Jeenathan,Houston Rockets,26,1m96,United States
Williams Brandon,Dallas Mavericks,25,1m88,United States
Williams Ziaire,Brooklyn Nets,23,2m03,United States
Williams Patrick,Chicago Bulls,23,2m02,United States
Williams Jr. Vince,Memphis Grizzlies,24,1m98,United States
Williamson Zion,New Orleans Pelicans,24,2m01,United States
Wilson Jalen,Brooklyn Nets,24,2m02,United States
Wiseman James,Indiana Pacers,23,2m16,United States
Wong Isaiah,Charlotte Hornets,24,1m90,United States
Wood Moses,Phoenix Suns,25,2m03,United States
Wright Delon,Milwaukee Bucks,32,1m96,United States
Yabusele Guerschon,Philadelphia 76ers,29,1m98,France
Young Trae,Atlanta Hawks,26,1m89,United States
Young Jahmir,Denver Nuggets,24,1m84,United States
Zubac Ivica,Los Angeles Clippers,27,2m11,Croatia
